{"cameraMode":{"drawMode":0,"name":"Shaded","section":"Shading Mode"},"sceneLighting":true,"audioPlay":false,"sceneViewState":{"m_AlwaysRefresh":false,"showFog":true,"showSkybox":true,"showFlares":true,"showImageEffects":true,"showParticleSystems":true,"showVisualEffectGraphs":true,"m_FxEnabled":true},"in2DMode":false,"pivot":{"x":27.182708740234376,"y":78.84236145019531,"z":-24.188501358032228},"rotation":{"x":-0.04404636472463608,"y":-0.12309323251247406,"z":0.0054940348491072659,"w":-0.9914660453796387},"size":16.21919059753418,"orthographic":true}