{"cameraMode":{"drawMode":0,"name":"Shaded","section":"Shading Mode"},"sceneLighting":false,"audioPlay":false,"sceneViewState":{"m_AlwaysRefresh":false,"showFog":true,"showSkybox":false,"showFlares":true,"showImageEffects":true,"showParticleSystems":true,"showVisualEffectGraphs":true,"m_FxEnabled":true},"in2DMode":false,"pivot":{"x":2.2661073207855226,"y":1.2701539993286133,"z":-1.3307321071624756},"rotation":{"x":0.03948342800140381,"y":0.9443669319152832,"z":-0.12337633967399597,"w":0.30243372917175295},"size":1.8596374988555909,"orthographic":false}